Sample_Name,Proposal_ID,Sampling_Set,Core_Section,pH,MBC_mg_per_kg,MBN_mg_per_kg,SO4_S_mg_per_kg,B_mg_per_kg,Zn_mg_per_kg,Mn_mg_per_kg,Cu_mg_per_kg,Fe_mg_per_kg,Ca_mg_per_100_g,Mg_mg_per_100_g,Na_mg_per_100_g,K_mg_per_100_g,CEC_meq_per_100_g,Total_C_percent,Total_N_percent,Total_S_percent,PO4_P_mg_per_kg,PO4_P_extraction,GWC_percent,WEOM_TOC_mg_per_kg,WEOM_TN_mg_per_kg,MAOM_TOC_mg_per_kg,MAOM_TN_mg_per_kg,Clay_percent,Sand_percent,Silt_percent,Beta_Glucosidase_ug_pNP_per_g_per_h,Bulk_density_g_per_cm3,flag_MBC,flag_MBN,flag_total_sulfur,phosphorus,phosphorus_unit,flag_GWC
60923_1_TOP,60923,1,TOP,8.19,422.15,14.4,3.0,1.14,0.5,0.9,1.5,5.0,29.71,1.01,0.13,1.25,28.47,9.41,0.22,0.16,1.36,Olsen,13.52,36.69,12.12,1059.47,56.13,60.05,15.4,24.55,134.2,0.79,,,,1.4,mg per kg,
60923_1_BTM,60923,1,BTM,8.22,179.42,5.69,2.0,1.38,0.1,2.6,1.9,8.0,29.09,0.8,0.16,0.53,28.33,9.16,0.15,0.16,0.06,Olsen,24.61,28.58,7.74,1293.09,43.24,64.05,13.4,22.55,19.3,0.76,,,,0.0,mg per kg,
60923_2_TOP,60923,2,TOP,8.35,380.35,9.32,5.0,1.27,0.5,1.0,0.5,9.0,34.89,1.38,0.11,1.11,33.3,7.62,0.19,0.16,1.83,Olsen,26.33,22.2,4.25,1192.36,50.33,69.3,10.2,20.5,85.1,0.68,,,,1.44,mg per kg,
60923_2_BTM,60923,2,BTM,7.76,350.49,4.06,,,,,,,,,,,,,,,,Olsen,15.43,20.64,1.82,1222.52,49.76,,,,,0.9,,,,0.0,mg per kg,
60923_3_TOP,60923,3,TOP,8.23,229.92,15.56,8.0,0.96,0.5,3.0,0.2,5.0,31.56,0.94,0.12,1.22,32.14,9.7,0.24,0.17,1.25,Olsen,20.52,32.35,15.41,1734.78,106.07,60.1,15.6,24.4,117.4,0.77,,,,0.94,mg per kg,
60923_3_BTM,60923,3,BTM,8.3,37.5,5.34,10.0,0.99,0.1,3.3,0.2,6.0,33.07,0.89,0.13,0.72,29.85,8.49,0.16,0.15,0.01,Olsen,14.32,24.47,5.18,1322.07,73.03,,,,,0.75,,,,0.0,mg per kg,
60923_4_TOP,60923,4,TOP,8.14,69.07,9.16,12.0,0.81,0.2,1.9,0.2,5.0,32.17,1.15,0.13,1.02,31.7,8.53,0.19,0.17,1.56,Olsen,22.71,17.87,5.64,1597.65,62.7,62.3,15.5,22.3,87.4,0.68,,,,1.58,mg per kg,
60923_4_BTM,60923,4,BTM,8.24,234.57,4.4,5.0,1.15,0.1,2.8,0.5,7.0,32.32,0.88,0.13,0.69,31.24,8.13,0.16,0.15,0.58,Olsen,17.03,20.8,3.49,1531.97,89.82,,,,,0.71,,,,0.0,mg per kg,
60923_5_TOP,60923,5,TOP,8.17,,,9.0,0.79,0.4,1.8,0.2,3.0,34.35,1.04,0.13,1.33,33.29,8.5,0.18,0.18,2.16,Olsen,23.11,25.69,8.33,1476.85,65.71,62.3,15.5,22.2,89.8,0.64,Failed_QC,Failed_QC,,1.77,mg per kg,
60923_5_BTM,60923,5,BTM,8.15,,,8.0,1.02,0.1,4.9,0.3,7.0,34.92,0.94,0.14,0.8,30.0,7.71,0.11,0.16,,Olsen,17.56,65.96,4.78,1230.57,47.18,,,,14.2,0.88,Failed_QC,Failed_QC,,0.0,mg per kg,
60923_6_TOP,60923,6,TOP,8.35,,,7.0,0.78,0.2,2.8,0.4,7.0,43.94,1.19,0.14,1.11,33.69,7.48,0.19,0.15,0.95,Olsen,23.54,66.36,2.89,1035.39,52.18,,,,,0.72,Failed_QC,Failed_QC,,1.15,mg per kg,
60923_6_BTM,60923,6,BTM,8.3,,,6.0,0.73,0.1,1.6,0.3,8.0,43.81,1.04,0.15,0.79,42.36,6.54,0.15,0.13,0.02,Olsen,22.51,18.11,1.15,622.77,35.04,,,,,0.63,Failed_QC,Failed_QC,,0.02,mg per kg,
60923_7_TOP,60923,7,TOP,8.39,,,8.0,0.91,0.2,1.4,0.5,5.0,36.22,1.03,0.13,0.91,31.97,8.05,0.17,0.15,4.04,Olsen,19.73,14.06,8.05,286.16,16.14,70.9,3.6,25.6,56.3,0.71,Failed_QC,Failed_QC,,3.61,mg per kg,
60923_7_BTM,60923,7,BTM,8.21,,,2.0,1.36,0.3,1.7,1.6,11.0,40.54,0.99,0.13,0.8,34.13,7.35,0.18,0.15,0.35,Olsen,24.81,8.62,24.16,197.55,13.68,82.1,2.8,15.1,18.1,0.73,Failed_QC,Failed_QC,,0.31,mg per kg,
60923_8_TOP,60923,8,TOP,6.57,32.89,7.72,4.0,0.11,0.4,3.3,0.5,18.0,11.06,1.59,0.03,0.3,19.0,1.48,0.2,0.01,0.48,Bray,23.27,28.65,3.17,261.94,31.86,30.1,12.2,57.7,42.3,1.33,,,,0.48,mg per kg,
60923_8_BTM,60923,8,BTM,6.79,9.64,0.95,5.0,0.12,0.4,2.6,0.5,25.0,11.81,2.35,0.09,0.13,21.85,1.18,0.18,0.01,4.87,Bray,23.19,31.31,1.58,241.29,26.86,34.1,10.3,55.7,18.0,1.35,,,,4.39,mg per kg,
60923_9_TOP,60923,9,TOP,6.8,17.98,3.75,19.0,0.06,0.3,0.9,0.4,8.0,12.47,1.83,0.03,0.31,16.39,1.35,0.2,0.01,1.31,Bray,22.98,25.32,3.05,214.34,27.18,30.2,12.2,57.7,28.4,1.13,,,,0.9,mg per kg,
60923_9_BTM,60923,9,BTM,6.58,17.07,0.95,4.0,0.11,0.4,3.5,0.5,31.0,14.74,4.4,0.2,0.17,42.79,0.89,0.15,0.0,6.89,Bray,31.77,40.0,2.14,275.39,23.51,52.1,8.2,39.7,11.4,0.98,,,Below_Reporting_Limit,6.82,mg per kg,
60923_10_TOP,60923,10,TOP,6.56,37.91,7.42,5.0,0.11,0.3,1.7,0.4,14.0,11.17,1.75,0.03,0.3,17.4,1.48,0.22,0.0,0.23,Bray,19.64,22.11,2.48,238.8,31.04,30.0,12.3,57.7,51.6,1.16,,,Below_Reporting_Limit,0.0,mg per kg,
60923_10_BTM,60923,10,BTM,6.7,9.74,1.76,20.0,0.46,1.7,31.5,1.3,17.0,12.47,2.57,0.13,0.12,24.01,1.07,0.17,0.0,4.07,Bray,23.09,38.33,2.28,192.01,19.57,41.6,10.5,48.0,16.6,1.35,,,Below_Reporting_Limit,3.85,mg per kg,
60923_11_TOP,60923,11,TOP,6.59,6.68,3.0,34.0,2.42,2.0,15.8,0.7,5.0,10.2,2.03,0.03,0.35,18.3,1.44,0.2,0.01,,Bray,22.98,30.31,3.65,208.04,24.63,31.6,12.5,56.0,45.4,1.17,,,,0.0,mg per kg,
60923_11_BTM,60923,11,BTM,6.87,9.77,1.49,6.0,0.14,0.5,2.0,0.7,39.0,16.44,3.86,0.26,0.19,38.88,0.96,0.17,0.0,2.73,Bray,29.44,37.13,2.71,194.96,20.27,53.6,8.5,38.0,12.6,0.97,,,Below_Reporting_Limit,2.96,mg per kg,
60923_12_TOP,60923,12,TOP,6.64,17.85,3.7,5.0,0.07,0.3,1.3,0.5,21.0,11.73,2.35,0.04,0.31,25.71,1.61,0.21,0.01,0.7,Bray,20.74,36.37,3.4,349.14,36.47,33.6,12.5,54.0,64.8,1.12,,,,0.0,mg per kg,
60923_12_BTM,60923,12,BTM,6.8,6.17,,4.0,0.1,0.4,2.1,0.4,30.0,15.49,3.81,0.34,0.14,44.01,1.03,0.15,0.01,7.17,Bray,30.17,52.69,2.6,303.75,21.95,53.6,8.5,38.0,13.4,1.1,,Below_Detection,,6.42,mg per kg,
60923_13_TOP,60923,13,TOP,6.62,28.76,11.17,8.0,0.05,0.3,1.7,0.5,14.0,10.4,2.04,0.05,0.21,20.48,1.43,0.18,0.0,,Bray,24.25,29.34,3.58,272.49,32.23,31.6,12.6,55.9,60.9,1.18,,,Below_Reporting_Limit,0.0,mg per kg,
60923_13_BTM,60923,13,BTM,6.61,28.11,2.96,4.0,0.13,0.5,2.6,0.5,18.0,13.51,3.5,0.39,0.12,45.8,1.07,0.16,0.0,9.23,Bray,31.76,45.09,2.59,340.42,23.4,51.5,10.6,38.0,11.1,1.27,,,Below_Reporting_Limit,9.41,mg per kg,
60923_14_TOP,60923,14,TOP,7.07,42.67,8.27,5.0,0.14,0.5,2.6,0.4,18.0,11.77,2.19,0.08,0.25,17.87,1.3,0.17,0.01,0.23,Bray,14.11,27.16,4.17,175.5,23.97,31.4,12.7,56.0,28.3,0.99,,,,0.0,mg per kg,
60923_14_BTM,60923,14,BTM,6.78,20.03,2.05,7.0,0.06,0.3,1.7,0.5,11.0,16.18,4.39,0.35,0.19,33.9,1.01,0.16,0.01,8.55,Bray,30.24,31.09,2.25,301.53,22.51,51.4,8.7,40.0,10.2,0.91,,,,6.01,mg per kg,
60923_15_TOP,60923,15,TOP,5.56,73.02,14.91,4.0,0.38,2.1,9.3,0.8,159.0,11.02,2.87,0.05,0.29,27.72,3.24,0.28,0.02,0.09,Bray,18.94,43.12,5.03,138.44,9.05,37.1,12.7,50.2,34.0,1.05,,,,0.0,mg per kg,
60923_15_BTM,60923,15,BTM,6.24,40.16,8.41,4.0,0.4,2.0,2.3,0.7,97.0,14.15,4.35,0.05,0.11,28.17,3.16,0.26,0.02,19.94,Bray,18.55,27.64,3.58,126.67,10.6,39.2,12.5,48.3,23.0,1.26,,,,5.7,mg per kg,
60923_16_TOP,60923,16,TOP,5.54,161.75,30.92,7.0,0.79,2.2,16.5,0.8,278.0,8.07,2.9,0.03,0.27,28.2,3.58,0.29,0.02,0.16,Bray,18.72,43.98,4.41,94.99,6.94,31.1,28.6,40.3,54.2,1.02,,,,0.0,mg per kg,
60923_16_BTM,60923,16,BTM,6.44,34.87,4.59,3.0,0.32,1.9,3.0,0.8,66.0,13.5,3.85,0.02,0.13,25.34,2.96,0.26,0.02,7.35,Bray,17.25,23.25,2.82,117.91,4.86,39.1,12.8,48.2,21.2,1.22,,,,6.89,mg per kg,
60923_17_TOP,60923,17,TOP,6.13,55.76,14.28,4.0,0.27,2.5,3.6,0.8,102.0,14.16,3.98,0.03,0.37,33.52,3.99,0.32,0.03,0.2,Bray,25.41,30.84,4.07,62.41,7.44,41.1,14.8,44.2,51.3,1.0,,,,0.0,mg per kg,
60923_17_BTM,60923,17,BTM,6.24,21.93,7.24,2.0,0.39,1.8,2.0,1.3,90.0,20.04,5.39,0.04,0.14,41.29,4.05,0.32,0.03,4.45,Bray,21.55,36.26,4.28,161.67,10.43,43.2,14.5,42.4,28.2,1.12,,,,4.01,mg per kg,
60923_18_TOP,60923,18,TOP,5.96,95.82,28.99,5.0,0.33,1.8,7.5,0.7,108.0,8.76,3.12,0.06,0.58,23.29,3.08,0.24,0.02,,Bray,21.29,35.61,4.39,104.3,6.17,37.2,16.5,46.4,56.5,1.15,,,,0.0,mg per kg,Outlier
60923_18_BTM,60923,18,BTM,6.39,25.65,7.04,5.0,0.25,0.9,1.4,0.6,48.0,13.33,4.17,0.03,0.11,27.51,2.12,0.18,0.01,14.82,Bray,17.35,24.48,2.54,108.42,9.94,39.1,16.7,44.3,14.8,1.49,,,,15.73,mg per kg,
60923_19_TOP,60923,19,TOP,6.07,49.46,14.53,3.0,0.3,1.6,3.9,1.0,103.0,12.91,4.33,0.04,0.44,34.6,3.44,0.3,0.02,0.33,Bray,24.02,33.93,4.56,126.61,13.88,41.0,14.7,44.3,60.7,1.17,,,,0.29,mg per kg,
60923_19_BTM,60923,19,BTM,6.53,15.84,6.74,5.0,0.41,0.9,1.2,1.0,30.0,17.09,5.66,0.04,0.16,27.76,2.41,0.19,0.03,14.24,Bray,17.92,19.07,2.47,101.08,8.93,43.1,12.7,44.3,15.2,1.16,,,,14.27,mg per kg,
60923_20_TOP,60923,20,TOP,6.02,44.17,9.98,5.0,0.26,1.7,5.9,0.9,99.0,10.85,4.16,0.02,0.51,33.28,3.74,0.29,0.02,0.66,Bray,22.03,39.89,4.86,95.62,7.32,41.1,12.5,46.5,66.3,1.06,,,,0.58,mg per kg,
60923_20_BTM,60923,20,BTM,6.63,25.04,4.98,4.0,0.32,1.2,1.7,0.8,23.0,18.17,6.71,0.01,0.13,37.03,2.26,0.21,0.02,85.38,Bray,18.93,21.79,2.52,76.67,11.45,45.0,12.7,42.3,26.9,1.2,,,,91.43,mg per kg,
60923_21_TOP,60923,21,TOP,6.11,71.88,16.33,5.0,0.28,1.8,4.4,0.9,96.0,13.27,4.27,0.02,0.54,28.57,3.38,0.31,0.03,1.01,Bray,21.17,40.73,9.73,151.82,20.44,41.1,14.7,44.3,59.0,1.05,,,,0.29,mg per kg,
60923_21_BTM,60923,21,BTM,6.72,12.94,3.95,2.0,0.32,0.6,1.1,1.3,25.0,17.9,6.11,0.04,0.23,33.52,2.99,0.28,0.02,3.85,Bray,19.72,17.18,2.15,126.33,12.4,43.1,14.5,42.5,17.9,1.07,,,,2.42,mg per kg,
